label,mean_average_distance,mean_dice,stdev_average_distance,stdev_dice
1,2.2095832475223367,0.7143743374888604,0.12268378943535742,0.011599482149409212
2,5.406968670362988,0.3214215959741413,0.24959219316914358,0.020660212322333307
3,20.00882936709513,0.18849282749100915,1.6960823138223324,0.013369605657126147
4,15.192362842782366,0.15906459032538972,0.8818698779635468,0.01564947075629495
5,52.25688103278218,0.018380158644009097,3.0512545237442046,0.005049306195002127
6,74.00428219234742,0.011181900555330793,4.920150028004478,0.0028664685025821665
7,18.96414997372188,0.014491517203464872,11.607544022457125,0.010749385961428383
8,9.15243565738356,0.07637467462176896,0.532863362160523,0.007203863576266792
